Temperature,Humidity,Soil pH,Rainfall,Crop
34,76,7.01,236,Tea
21,60,6.78,75,Chili
20,71,6.31,249,Garlic
31,58,6.07,149,Tea
27,81,5.51,52,Pulses
33,72,7.3,138,Rice
21,71,6.13,167,Mustard
21,59,6.47,118,Oats
32,64,5.94,293,Mustard
21,61,7.14,103,Groundnut
21,74,7.32,147,Rice
21,68,6.41,112,Chili
28,76,5.56,266,Groundnut
32,78,7.15,223,Groundnut
21,71,6.16,268,Tomato
25,75,5.92,65,Maize
34,89,5.75,96,Barley
21,81,6.09,248,Rice
34,85,7.37,274,Maize
20,88,6.2,265,Potato
31,55,5.73,299,Cotton
27,78,7.02,165,Sugarcane
20,59,6.08,93,Barley
27,68,6.3,154,Cotton
30,63,7.14,181,Potato
22,86,6.25,211,Pulses
21,83,5.93,147,Oats
32,85,6.13,292,Sugarcane
28,87,6.69,234,Barley
21,65,7.17,158,Chili
31,59,6.73,226,Tobacco
22,51,5.92,167,Coffee
20,76,7.23,192,Soybean
30,75,5.9,203,Cotton
28,87,5.71,231,Groundnut
25,81,7.13,255,Coffee
34,76,6.4,295,Soybean
30,82,6.4,232,Potato
29,62,6.91,130,Jute
24,64,7.24,80,Sugarcane
21,66,7.38,285,Potato
25,70,6.17,68,Potato
25,62,7.03,176,Cotton
28,63,6.9,113,Tea
23,85,6.17,105,Groundnut
29,71,6.61,223,Tobacco
29,50,6.26,52,Wheat
26,54,6.24,80,Chili
26,87,5.92,204,Jute
27,55,5.79,293,Mustard
23,83,5.74,90,Barley
23,89,6.49,241,Rice
26,62,5.78,134,Sugarcane
32,77,6.17,258,Rice
22,79,7.45,92,Jute
22,66,7.41,173,Jute
27,74,7.22,175,Mustard
27,59,7.27,231,Garlic
20,87,6.1,89,Groundnut
33,51,5.83,94,Onion
26,69,6.07,52,Maize
27,63,5.78,110,Oats
22,62,5.97,273,Garlic
21,57,7.13,197,Wheat
25,78,6.92,258,Pulses
30,71,6.26,256,Cotton
28,53,5.83,102,Jute
31,71,7.27,97,Soybean
31,64,6.89,137,Mustard
28,78,6.12,211,Cotton
34,71,6.16,284,Wheat
33,62,7.49,143,Mustard
22,86,7.23,99,Oats
30,78,6.01,173,Rice
29,79,6.46,284,Sugarcane
27,87,7.43,248,Coffee
23,58,5.98,117,Soybean
20,76,6.32,94,Tea
26,77,7.06,203,Mustard
28,85,5.81,66,Cotton
29,56,6.19,207,Maize
32,54,6.51,116,Sugarcane
30,68,7.1,214,Potato
21,79,7.0,92,Sugarcane
20,61,5.63,50,Barley
33,63,6.6,212,Groundnut
29,81,7.15,69,Barley
28,51,7.34,270,Tea
33,78,7.35,93,Cotton
26,70,6.77,202,Sugarcane
34,81,5.85,243,Sugarcane
29,62,7.01,183,Soybean
23,85,7.39,113,Oats
24,89,7.43,243,Coffee
34,57,7.33,237,Garlic
22,88,6.07,142,Soybean
26,66,6.23,70,Soybean
29,70,6.14,52,Barley
22,88,5.94,271,Tea
26,55,6.68,264,Soybean
31,66,6.09,192,Tea
32,59,7.21,195,Oats
23,58,6.48,223,Mustard
28,82,5.51,91,Sugarcane
27,66,7.22,281,Oats
25,68,7.07,265,Sugarcane
26,64,6.14,141,Tomato
22,55,6.99,152,Groundnut
33,87,6.3,188,Jute
33,65,5.91,126,Rice
30,84,6.97,209,Tomato
24,66,6.64,262,Oats
29,52,6.71,235,Wheat
28,80,6.07,77,Rice
22,50,7.48,207,Chili
22,56,6.63,83,Potato
23,73,5.91,153,Maize
20,52,7.4,229,Rice
29,81,6.12,71,Groundnut
28,50,6.45,271,Potato
26,62,5.92,299,Oats
21,81,6.46,81,Sugarcane
29,54,7.11,51,Wheat
32,80,6.31,243,Pulses
32,61,6.9,136,Oats
31,52,7.47,238,Tomato
26,50,5.55,127,Tea
24,57,5.91,248,Tea
21,77,7.44,104,Oats
22,70,7.17,263,Chili
29,63,7.05,257,Onion
27,68,6.0,185,Rice
28,87,6.81,240,Oats
32,85,6.1,271,Soybean
33,71,6.29,214,Oats
34,74,6.41,199,Onion
32,74,5.81,178,Wheat
34,56,6.7,138,Coffee
28,61,6.75,288,Maize
32,78,7.03,262,Barley
26,62,5.96,120,Pulses
30,73,7.07,232,Tea
22,78,6.65,129,Barley
21,55,7.24,232,Potato
22,53,6.21,203,Oats
33,83,5.59,74,Jute
21,87,5.88,217,Oats
24,74,5.99,167,Potato
21,83,7.36,224,Maize
33,58,7.35,238,Pulses
20,77,6.03,180,Barley
21,59,6.45,278,Garlic
23,62,6.8,198,Pulses
20,86,6.02,116,Tea
25,63,7.1,246,Maize
32,62,5.96,82,Barley
28,83,7.34,265,Barley
24,52,6.72,121,Oats
25,70,6.5,115,Wheat
29,50,7.21,297,Maize
26,79,6.45,140,Sugarcane
25,68,7.34,211,Tobacco
32,76,7.03,157,Potato
26,54,6.0,260,Sugarcane
34,74,5.63,232,Pulses
23,55,6.9,167,Wheat
32,58,6.96,146,Barley
26,79,6.46,248,Pulses
32,66,6.01,127,Groundnut
29,66,5.95,190,Barley
27,84,6.27,125,Tomato
34,59,7.33,277,Garlic
23,63,5.71,105,Wheat
29,52,7.21,213,Coffee
28,56,6.82,95,Oats
28,54,7.02,220,Chili
25,56,6.29,166,Garlic
25,55,5.59,287,Garlic
23,81,5.56,207,Maize
26,70,5.74,250,Potato
28,78,6.92,145,Wheat
31,87,5.96,273,Rice
32,67,7.03,270,Soybean
27,72,6.01,102,Rice
33,58,6.6,104,Tobacco
30,84,7.22,106,Pulses
23,78,5.53,178,Barley
34,83,6.89,145,Wheat
26,71,6.16,294,Jute
30,78,5.68,225,Groundnut
33,89,6.89,250,Tomato
30,52,7.25,214,Potato
20,53,6.49,258,Tea
31,85,5.75,182,Oats
27,61,5.73,201,Tea
27,54,7.13,76,Sugarcane
29,64,7.42,75,Onion
31,72,5.91,55,Cotton
20,57,5.85,152,Chili
31,74,5.99,270,Rice
34,56,5.65,221,Oats
34,78,7.22,202,Wheat
23,71,6.46,136,Mustard
20,50,6.18,259,Mustard
21,56,6.93,101,Groundnut
26,71,6.34,83,Tomato
27,57,7.41,135,Jute
23,76,5.62,75,Pulses
31,85,6.96,236,Mustard
21,68,6.25,172,Maize
21,66,7.1,97,Wheat
25,76,7.08,106,Tea
28,67,5.87,94,Rice
28,83,7.34,204,Jute
31,73,5.65,215,Mustard
32,60,7.44,192,Potato
32,71,5.61,105,Sugarcane
29,70,6.98,126,Maize
32,88,7.15,145,Chili
24,78,6.79,133,Jute
23,72,7.18,235,Potato
32,52,6.7,101,Maize
25,53,6.52,139,Barley
25,65,7.45,219,Soybean
24,63,6.83,180,Tomato
27,76,6.24,103,Potato
20,52,6.17,291,Wheat
28,66,6.6,55,Maize
21,66,6.56,297,Oats
23,89,5.97,168,Mustard
20,83,6.88,59,Oats
34,57,7.46,224,Garlic
20,56,5.52,239,Pulses
22,58,6.47,261,Tobacco
31,55,6.16,86,Potato
26,88,6.87,243,Sugarcane
21,60,5.53,96,Sugarcane
34,50,5.56,138,Wheat
26,67,6.01,235,Cotton
27,81,6.64,225,Sugarcane
27,63,6.02,186,Potato
23,61,6.42,134,Coffee
24,56,6.63,78,Rice
33,73,5.64,69,Mustard
25,68,7.22,212,Tomato
21,59,6.74,278,Sugarcane
33,84,6.43,205,Cotton
25,72,6.38,53,Tobacco
30,76,7.21,68,Tomato
33,84,6.4,90,Tomato
34,89,6.97,258,Wheat
24,85,5.55,104,Pulses
26,85,6.98,207,Tomato
24,83,5.93,140,Sugarcane
20,61,6.81,54,Rice
29,84,5.83,255,Tomato
24,54,7.01,83,Sugarcane
21,52,5.5,274,Tobacco
24,74,7.08,158,Tea
20,57,6.94,171,Coffee
28,72,7.13,263,Chili
34,61,5.75,125,Mustard
31,67,6.96,273,Potato
28,53,7.21,99,Groundnut
25,77,6.21,270,Groundnut
22,65,6.45,197,Tobacco
22,52,6.0,219,Sugarcane
32,85,6.54,74,Mustard
31,63,5.78,179,Onion
27,87,7.44,197,Tea
34,55,6.88,186,Sugarcane
30,53,6.16,137,Soybean
20,85,6.71,159,Maize
25,74,7.1,149,Pulses
33,84,6.71,252,Coffee
30,73,7.02,116,Tea
26,74,6.86,170,Onion
26,61,7.05,287,Garlic
29,52,5.99,252,Pulses
29,51,5.93,193,Coffee
31,60,7.33,131,Cotton
22,56,6.55,119,Pulses
34,68,5.7,216,Tomato
34,55,6.79,132,Chili
30,88,6.79,190,Wheat
30,74,6.99,290,Onion
23,71,7.5,208,Coffee
28,65,7.44,134,Oats
27,80,5.72,115,Garlic
22,73,7.17,237,Tobacco
29,68,6.29,135,Onion
29,51,5.87,63,Wheat
23,77,6.11,58,Mustard
30,54,6.83,170,Cotton
24,68,5.54,77,Tomato
33,74,5.53,126,Groundnut
20,76,5.65,172,Rice
22,85,5.8,252,Rice
33,82,5.96,113,Maize
25,89,7.33,162,Wheat
28,75,6.7,168,Barley
21,85,6.38,163,Potato
30,77,6.26,78,Garlic
27,76,5.88,277,Garlic
25,61,7.0,90,Pulses
26,58,6.42,237,Wheat
31,83,6.29,68,Potato
30,77,6.09,54,Jute
31,86,5.53,72,Coffee
34,69,6.22,238,Garlic
20,72,6.32,123,Wheat
26,86,5.92,66,Mustard
27,78,6.55,278,Coffee
30,63,5.72,276,Soybean
23,78,6.04,116,Tomato
26,54,5.71,212,Tobacco
31,87,6.58,202,Cotton
23,77,7.2,153,Soybean
29,59,6.53,101,Pulses
32,83,6.3,184,Soybean
33,71,6.78,233,Mustard
24,85,6.73,179,Sugarcane
20,57,6.0,290,Pulses
27,88,6.8,207,Rice
29,73,5.73,170,Tobacco
21,76,5.9,161,Tomato
20,85,6.18,162,Pulses
26,76,6.35,299,Coffee
33,52,7.12,111,Oats
31,77,7.05,193,Tomato
25,51,7.39,293,Sugarcane
25,76,7.14,241,Rice
32,81,7.28,239,Potato
26,64,5.6,167,Coffee
34,68,5.71,171,Onion
26,63,6.35,68,Tobacco
25,69,7.36,193,Tobacco
26,54,7.5,173,Sugarcane
25,72,5.67,127,Mustard
30,71,7.33,73,Rice
28,72,6.93,224,Sugarcane
27,86,6.46,52,Onion
20,76,6.44,61,Tobacco
33,87,6.86,232,Mustard
32,68,5.6,291,Tobacco
31,56,6.4,159,Coffee
25,78,6.2,136,Rice
24,53,5.56,98,Onion
22,87,6.17,179,Tea
29,66,6.83,91,Chili
32,63,6.96,114,Jute
20,74,6.17,228,Oats
32,88,6.32,290,Cotton
29,68,7.03,222,Mustard
31,57,6.53,187,Coffee
22,59,6.18,215,Barley
29,86,6.3,187,Tobacco
28,84,6.97,211,Chili
22,61,6.49,247,Barley
21,84,5.86,251,Jute
31,65,6.56,155,Potato
20,64,6.76,123,Tomato
26,81,6.3,277,Soybean
23,77,5.57,232,Tea
31,70,5.56,84,Tobacco
28,68,6.65,125,Tobacco
23,53,6.96,154,Soybean
25,56,5.94,173,Sugarcane
30,87,5.66,262,Onion
28,62,5.79,175,Cotton
26,81,7.14,83,Tomato
32,83,6.84,105,Sugarcane
24,77,6.22,184,Tobacco
29,80,6.42,52,Sugarcane
22,83,6.0,287,Mustard
24,50,5.69,107,Chili
29,63,5.93,179,Sugarcane
25,66,5.59,296,Oats
24,69,7.01,297,Groundnut
27,68,7.03,87,Cotton
33,54,6.04,221,Sugarcane
28,75,5.99,297,Maize
21,69,7.36,120,Cotton
33,56,6.56,149,Tea
30,68,6.01,99,Cotton
25,59,7.13,119,Maize
24,87,5.62,74,Mustard
20,85,5.64,263,Sugarcane
20,83,6.62,70,Tomato
26,64,6.53,256,Pulses
32,51,6.13,260,Tobacco
22,63,7.02,97,Chili
29,67,5.53,83,Onion
24,74,6.96,255,Maize
30,54,6.09,295,Pulses
32,67,6.05,66,Tobacco
34,70,7.41,222,Maize
34,63,5.84,80,Sugarcane
20,67,6.35,284,Soybean
22,86,6.57,199,Garlic
34,67,7.12,73,Tomato
28,73,7.4,112,Tea
24,63,6.89,210,Chili
34,76,5.89,295,Sugarcane
31,50,7.45,214,Jute
34,83,6.8,246,Pulses
28,78,7.07,92,Groundnut
26,57,7.29,110,Onion
33,58,7.18,162,Cotton
20,53,6.54,186,Tea
34,57,6.42,102,Oats
25,82,6.05,170,Wheat
27,60,5.64,215,Potato
20,89,6.2,253,Barley
25,64,6.27,60,Tea
29,72,7.24,218,Rice
33,78,6.9,72,Rice
20,67,7.47,172,Tea
21,68,6.06,222,Cotton
29,75,5.83,196,Cotton
20,56,5.87,263,Rice
33,77,6.31,238,Oats
32,77,7.05,222,Pulses
20,59,7.22,291,Oats
24,84,5.55,173,Mustard
32,86,6.27,191,Groundnut
33,81,6.49,275,Potato
32,58,6.49,156,Garlic
20,88,7.21,185,Onion
21,70,7.07,297,Potato
20,62,6.75,187,Oats
31,89,5.88,120,Jute
31,64,6.43,110,Wheat
34,58,6.18,263,Tobacco
22,68,6.07,81,Coffee
27,62,6.83,83,Groundnut
31,79,5.95,153,Garlic
29,80,6.02,79,Groundnut
34,71,6.68,122,Rice
30,59,5.99,64,Onion
25,51,6.06,196,Chili
22,51,6.66,99,Sugarcane
28,86,6.91,237,Soybean
30,88,7.5,281,Jute
21,54,5.9,292,Jute
23,72,6.85,285,Barley
21,88,6.83,52,Sugarcane
28,58,6.03,86,Mustard
28,57,7.22,66,Jute
22,76,6.93,176,Wheat
24,65,7.29,177,Groundnut
33,72,7.0,263,Tomato
20,85,6.45,148,Oats
34,76,6.13,234,Tobacco
33,87,7.26,256,Rice
30,73,7.11,233,Pulses
21,81,5.68,113,Oats
28,57,6.88,178,Pulses
20,66,6.27,147,Tobacco
33,75,6.95,184,Sugarcane
29,78,6.77,186,Onion
21,75,6.76,251,Mustard
21,82,5.51,119,Barley
32,82,6.4,60,Onion
20,58,7.05,161,Wheat
31,67,6.55,158,Tobacco
27,60,5.74,299,Coffee
33,67,7.48,77,Tea
25,80,6.66,249,Onion
32,85,5.94,284,Tomato
25,74,6.86,296,Barley
27,69,6.11,142,Garlic
23,50,5.63,189,Onion
29,66,5.59,84,Potato
21,71,5.76,62,Sugarcane
29,55,6.72,221,Barley
24,52,5.97,98,Coffee
32,70,5.91,182,Sugarcane
29,82,6.28,127,Chili
21,82,6.83,237,Pulses
20,55,5.97,250,Tobacco
31,54,6.93,224,Oats
22,66,5.62,264,Soybean
29,59,6.84,92,Maize
22,72,6.8,167,Mustard
34,80,6.8,102,Onion
28,56,7.03,234,Tea
28,51,6.98,266,Potato
28,55,7.3,73,Pulses
30,73,5.88,252,Potato
31,83,5.87,112,Maize
26,67,5.89,279,Tomato
20,86,5.93,206,Jute
26,64,7.03,123,Jute
33,86,6.27,77,Sugarcane
22,66,6.53,117,Jute
33,62,6.22,61,Pulses
21,79,6.06,116,Oats
33,87,6.92,132,Sugarcane
20,58,7.25,67,Chili
26,55,6.48,215,Tea
27,57,6.15,194,Cotton
20,55,7.08,222,Onion
32,59,5.55,247,Barley
26,70,7.2,283,Rice
31,69,6.71,65,Mustard
26,82,7.3,212,Wheat
31,83,7.36,147,Mustard
31,86,6.45,262,Mustard
22,85,6.31,143,Tea
28,72,6.83,271,Cotton
20,66,6.64,71,Barley
23,63,7.2,278,Onion
22,61,6.99,128,Groundnut
24,62,7.43,231,Garlic
24,87,5.58,120,Coffee
32,85,6.96,157,Sugarcane
28,62,5.51,111,Soybean
26,58,6.47,250,Onion
32,86,6.55,255,Groundnut
20,61,6.79,107,Coffee
20,67,5.53,75,Cotton
31,59,5.59,208,Groundnut
30,76,6.69,107,Tomato
24,65,5.78,197,Oats
27,86,5.98,85,Chili
31,65,5.98,158,Garlic
21,77,7.35,290,Tobacco
23,82,7.36,257,Maize
34,83,6.33,184,Potato
22,73,5.69,93,Potato
31,64,6.14,73,Mustard
32,66,6.16,166,Tomato
30,66,6.25,249,Onion
24,88,6.39,287,Cotton
24,53,7.39,202,Cotton
22,77,5.55,273,Potato
32,62,6.99,175,Rice
34,76,7.02,59,Cotton
21,65,7.44,142,Garlic
34,66,6.5,72,Tea
28,60,7.1,178,Rice
31,78,6.09,113,Oats
22,56,7.25,160,Barley
31,87,7.13,56,Wheat
29,54,7.21,188,Coffee
31,59,6.53,116,Tomato
20,58,6.8,210,Coffee
30,67,6.01,143,Onion
33,82,6.86,239,Cotton
26,83,7.21,257,Chili
28,61,7.48,52,Potato
33,71,6.69,241,Tobacco
23,58,6.53,132,Sugarcane
33,61,7.38,272,Groundnut
23,67,5.89,144,Wheat
33,77,6.39,222,Wheat
21,76,6.74,192,Coffee
20,52,6.24,119,Mustard
33,52,6.88,234,Cotton
28,60,6.61,241,Maize
29,64,5.74,50,Barley
26,88,6.31,104,Rice
20,69,6.51,187,Tomato
24,53,7.37,261,Sugarcane
30,63,6.8,75,Maize
26,87,5.88,59,Rice
32,52,6.66,267,Maize
22,58,6.85,118,Coffee
32,82,6.96,163,Groundnut
22,78,6.3,231,Groundnut
34,71,6.86,263,Barley
32,50,6.9,218,Coffee
23,52,6.4,270,Jute
30,68,5.88,236,Jute
21,89,5.98,67,Oats
30,61,6.94,170,Groundnut
26,78,5.52,196,Chili
24,82,6.23,82,Oats
22,56,7.0,82,Tomato
23,69,6.76,109,Jute
34,88,5.81,245,Sugarcane
22,83,6.45,293,Sugarcane
26,58,6.0,160,Jute
25,76,7.42,226,Tobacco
29,59,6.73,116,Tea
30,53,7.03,288,Jute
23,56,7.15,240,Barley
24,57,6.85,82,Garlic
32,52,7.0,80,Tomato
22,68,5.79,203,Maize
28,77,6.87,245,Barley
31,72,7.29,285,Jute
23,79,6.14,294,Rice
24,83,5.6,299,Maize
24,78,5.68,90,Tea
31,73,6.05,144,Mustard
24,87,5.54,76,Maize
24,60,6.04,133,Pulses
34,86,6.4,108,Groundnut
24,79,5.68,148,Tea
27,58,6.02,153,Sugarcane
21,80,7.11,115,Oats
24,80,6.9,127,Cotton
27,64,6.79,283,Oats
33,50,6.44,202,Onion
31,50,5.69,278,Tomato
32,89,5.67,95,Coffee
23,65,5.74,222,Chili
26,58,6.71,286,Pulses
29,88,6.98,82,Onion
23,60,6.06,264,Potato
24,85,6.32,57,Jute
25,71,7.34,188,Garlic
28,87,5.91,295,Onion
26,50,7.17,143,Maize
21,53,6.11,82,Garlic
23,87,6.99,116,Tobacco
26,72,5.6,51,Soybean
26,62,6.76,231,Rice
20,64,6.99,237,Oats
29,64,5.92,280,Mustard
28,69,7.4,270,Tomato
29,77,5.73,109,Garlic
28,73,6.83,232,Soybean
30,52,6.99,249,Maize
22,88,7.13,76,Cotton
20,67,7.43,157,Soybean
32,56,7.35,55,Oats
31,64,6.8,178,Cotton
28,65,5.76,175,Maize
30,77,6.51,182,Potato
32,71,6.83,268,Potato
29,57,6.53,128,Sugarcane
21,83,6.76,51,Oats
26,59,7.15,58,Tomato
22,69,7.14,173,Soybean
27,89,5.93,142,Soybean
33,80,7.41,163,Pulses
27,78,6.67,244,Chili
31,55,6.01,136,Tomato
27,73,6.43,257,Chili
25,81,6.82,242,Tea
30,80,5.94,114,Cotton
25,86,5.53,192,Soybean
21,89,6.14,287,Cotton
22,50,5.9,184,Maize
25,73,7.24,81,Soybean
21,63,6.19,71,Chili
27,60,7.45,158,Jute
27,84,5.71,185,Groundnut
25,56,6.91,66,Chili
30,88,7.49,70,Potato
24,72,7.43,91,Tobacco
28,62,6.4,159,Mustard
29,81,5.69,149,Groundnut
29,65,7.47,216,Pulses
33,70,7.12,207,Garlic
29,84,5.97,101,Tobacco
23,82,6.35,72,Oats
20,64,7.46,97,Pulses
28,66,6.4,290,Onion
27,77,6.68,66,Potato
34,56,7.03,255,Groundnut
33,60,6.55,229,Tobacco
30,83,6.75,201,Mustard
24,77,6.53,199,Jute
27,52,5.82,80,Rice
23,77,7.16,190,Garlic
31,53,7.15,187,Tea
25,57,6.29,50,Potato
25,82,6.09,285,Tea
34,83,6.3,191,Chili
28,52,6.36,245,Tobacco
24,67,6.11,181,Wheat
28,62,7.05,178,Rice
30,51,6.81,263,Soybean
22,78,6.95,207,Onion
25,82,5.88,213,Onion
24,68,5.6,164,Rice
24,80,7.46,161,Cotton
28,76,6.46,118,Soybean
28,64,6.99,186,Wheat
20,68,6.27,147,Oats
26,53,6.7,81,Sugarcane
22,72,5.89,216,Chili
30,52,7.03,174,Tea
33,75,5.85,235,Groundnut
21,88,6.97,220,Wheat
29,72,7.47,155,Rice
30,75,6.75,121,Mustard
25,68,6.89,136,Maize
26,71,5.8,65,Pulses
26,88,6.47,209,Sugarcane
21,60,5.6,233,Potato
28,63,5.99,179,Groundnut
30,83,5.58,111,Tomato
22,77,6.71,275,Chili
23,71,6.63,170,Chili
26,69,6.49,280,Cotton
20,66,5.82,179,Garlic
24,51,6.44,240,Garlic
26,60,7.16,223,Jute
32,53,6.74,261,Rice
23,60,7.34,148,Chili
20,82,5.62,145,Cotton
28,71,7.36,288,Cotton
22,83,6.47,265,Jute
22,54,6.64,69,Soybean
28,69,6.78,147,Sugarcane
24,57,6.06,247,Mustard
30,64,7.28,285,Chili
23,78,5.59,267,Soybean
21,82,7.42,75,Onion
28,55,7.41,95,Oats
28,57,6.07,112,Cotton
23,79,6.23,52,Sugarcane
29,84,6.51,135,Sugarcane
21,72,6.82,74,Wheat
20,53,6.0,154,Oats
32,61,7.12,180,Wheat
26,85,6.92,212,Sugarcane
26,71,6.93,274,Tomato
26,70,7.05,178,Onion
29,53,5.95,50,Jute
31,87,5.82,281,Sugarcane
34,73,5.77,165,Tea
22,68,6.81,150,Sugarcane
26,66,7.5,190,Tomato
27,53,6.44,157,Sugarcane
31,71,6.18,77,Rice
29,71,6.51,51,Rice
34,74,7.08,89,Wheat
23,66,7.18,50,Jute
22,71,7.09,109,Sugarcane
31,59,6.56,104,Barley
25,77,6.39,257,Barley
22,54,6.57,224,Barley
24,57,6.83,147,Pulses
34,68,6.51,189,Tea
23,72,6.6,112,Jute
27,88,7.0,147,Tea
31,88,6.36,166,Tea
30,68,6.0,273,Rice
27,80,6.75,166,Soybean
21,66,7.44,99,Tobacco
28,50,5.87,106,Onion
30,51,5.92,292,Pulses
30,89,6.63,160,Oats
23,78,6.38,281,Barley
21,73,7.16,141,Sugarcane
25,78,7.38,217,Cotton
22,66,6.43,234,Onion
20,85,7.17,193,Coffee
23,55,6.24,159,Jute
28,74,6.88,111,Jute
21,66,6.32,106,Onion
24,82,5.84,247,Mustard
25,76,6.89,286,Oats
28,72,7.09,222,Pulses
33,74,7.37,114,Barley
30,85,6.64,71,Wheat
23,58,5.81,54,Potato
33,71,7.38,264,Groundnut
28,52,5.83,281,Groundnut
34,56,5.82,274,Groundnut
21,69,6.3,231,Coffee
29,71,6.72,213,Mustard
23,57,6.38,143,Mustard
21,62,7.43,109,Coffee
34,70,5.97,118,Sugarcane
31,53,6.58,174,Wheat
24,63,7.03,169,Chili
32,83,6.47,275,Groundnut
33,57,5.73,284,Tobacco
22,88,7.27,185,Rice
20,83,7.47,77,Tobacco
31,70,7.47,60,Onion
21,60,6.54,109,Jute
27,67,6.73,255,Potato
31,79,5.7,242,Maize
23,56,6.01,214,Rice
24,88,6.21,126,Maize
25,67,6.98,115,Garlic
24,73,7.38,259,Tobacco
24,74,6.15,167,Tomato
23,85,7.49,108,Tea
26,76,5.92,99,Oats
24,60,6.3,95,Soybean
28,54,5.95,92,Rice
23,84,6.16,251,Jute
27,62,6.7,171,Garlic
33,69,6.31,142,Cotton
23,89,6.82,84,Tea
30,59,5.89,51,Cotton
34,61,6.83,264,Maize
25,87,6.69,161,Onion
24,68,7.18,217,Tomato
28,54,6.62,56,Tomato
23,71,6.02,205,Tomato
20,75,5.61,262,Chili
33,63,6.64,185,Chili
32,71,5.6,291,Tea
24,83,5.78,113,Onion
20,61,5.83,231,Pulses
29,58,7.12,187,Chili
24,88,5.64,194,Barley
21,89,7.36,78,Barley
25,61,6.26,175,Mustard
32,70,6.87,69,Jute
22,87,6.15,138,Mustard
21,78,6.14,83,Sugarcane
22,73,6.08,174,Coffee
28,73,7.43,253,Sugarcane
24,66,5.89,137,Coffee
34,65,6.61,144,Rice
22,72,7.06,113,Mustard
22,65,6.8,220,Groundnut
23,77,7.47,272,Jute
30,77,6.85,88,Cotton
25,72,6.73,137,Tobacco
20,86,7.1,281,Garlic
29,52,7.13,179,Oats
24,68,6.01,140,Potato
33,85,6.01,248,Maize
23,60,6.46,262,Rice
26,80,5.73,53,Tobacco
30,71,6.67,257,Cotton
25,85,7.08,87,Tomato
33,67,6.81,156,Jute
33,71,6.2,145,Tea
23,76,5.79,168,Garlic
24,78,7.21,147,Tomato
23,57,7.11,191,Potato
33,54,5.92,91,Chili
27,67,5.54,69,Chili
34,77,6.11,202,Chili
28,76,5.83,110,Jute
25,70,6.78,255,Coffee
31,79,5.61,174,Tea
26,75,7.09,90,Soybean
30,83,7.29,204,Maize
30,60,6.28,180,Mustard
32,62,6.91,71,Pulses
24,68,7.39,130,Maize
21,64,7.34,206,Oats
30,64,7.27,69,Tobacco
25,83,6.93,191,Rice
21,54,5.71,105,Pulses
26,89,6.27,107,Oats
32,80,5.64,164,Jute
20,76,6.22,153,Mustard
32,70,5.63,65,Coffee
33,80,6.79,82,Wheat
20,54,7.35,269,Garlic
23,62,7.41,292,Jute
28,54,6.79,201,Tea
25,67,6.91,99,Tea
30,66,6.86,200,Cotton
31,70,7.32,205,Coffee
21,71,5.67,133,Soybean
32,78,7.14,232,Potato
20,65,6.43,106,Coffee
32,54,5.75,252,Tea
24,85,6.49,296,Onion
31,87,6.24,84,Wheat
34,77,5.82,158,Cotton
33,50,6.68,144,Barley
25,52,6.68,216,Wheat
34,67,7.39,264,Tobacco
22,53,6.44,84,Jute
30,76,7.24,218,Potato
24,70,6.84,152,Rice
28,76,7.26,295,Tea
28,68,6.93,202,Jute
21,63,6.51,236,Maize
34,76,5.79,183,Jute
32,69,7.28,187,Oats
28,76,5.66,58,Tea
25,66,6.55,195,Jute
31,71,6.12,207,Mustard
26,77,6.43,129,Maize
29,74,7.35,205,Tomato
25,78,7.03,116,Tomato
21,87,5.51,298,Tea
28,60,6.93,109,Soybean
22,74,6.62,240,Barley
24,60,6.93,233,Pulses
34,57,6.8,122,Coffee
20,51,6.45,252,Coffee
26,86,6.36,128,Potato
32,71,6.97,61,Tea
22,58,6.58,282,Sugarcane
20,68,7.06,222,Tobacco
26,52,7.4,274,Cotton
23,71,6.15,297,Tobacco
34,87,5.92,79,Jute
26,67,5.85,78,Sugarcane
33,62,6.61,257,Cotton
27,74,6.44,147,Oats
23,61,7.46,106,Jute
26,64,6.72,241,Wheat
30,89,7.13,197,Pulses
27,78,5.76,190,Barley
23,84,6.29,202,Cotton
22,67,6.17,168,Cotton
28,83,7.19,104,Potato
32,58,6.05,260,Tea
20,61,6.35,272,Maize
32,83,6.1,263,Pulses
30,59,5.85,59,Cotton
31,65,6.1,127,Pulses
29,89,6.45,136,Garlic
26,67,6.89,234,Cotton
25,67,6.04,262,Cotton
21,53,7.11,236,Tobacco
29,89,6.54,210,Onion
28,60,6.13,178,Groundnut
28,83,6.12,210,Maize
28,81,6.9,165,Soybean
27,52,5.57,166,Tomato
32,87,7.33,55,Chili
28,79,7.19,77,Maize
27,60,5.54,143,Garlic
29,82,5.86,229,Soybean
27,63,6.74,247,Tobacco
24,59,6.78,280,Oats
22,79,7.13,181,Mustard
34,66,6.62,210,Groundnut
30,76,7.16,116,Jute
21,68,5.68,116,Sugarcane
29,76,6.51,137,Maize
32,70,6.45,243,Jute
34,82,5.6,248,Tea
28,66,5.95,253,Cotton
23,78,5.64,65,Mustard
30,57,6.39,131,Rice
32,85,6.36,57,Soybean
28,56,6.68,252,Pulses
34,78,6.23,279,Sugarcane
31,70,6.18,181,Jute
20,64,6.81,111,Pulses
26,80,6.47,178,Chili
21,51,6.62,104,Tea
26,70,7.43,281,Tobacco
28,80,6.71,59,Jute
31,71,6.16,257,Sugarcane
27,71,6.81,298,Barley
26,50,6.55,89,Cotton
26,89,7.14,126,Wheat
29,64,6.91,276,Chili
33,60,5.91,263,Chili
34,77,6.04,63,Soybean
30,67,6.82,131,Chili
25,68,6.52,55,Groundnut
25,52,7.02,58,Maize
24,50,7.11,275,Onion
30,56,6.29,114,Maize
33,71,7.39,142,Tobacco
24,70,7.36,238,Tomato
31,68,5.88,85,Maize
32,62,7.34,125,Soybean
20,55,7.15,141,Potato
20,56,5.94,235,Rice
25,66,5.66,132,Tea
32,68,6.15,88,Jute
30,55,5.96,164,Oats
32,87,5.74,286,Oats
29,77,6.92,293,Onion
23,52,7.39,105,Rice
25,73,6.99,240,Pulses
30,81,7.05,116,Mustard
24,70,7.27,248,Groundnut
21,61,5.72,254,Tobacco
25,52,6.55,226,Cotton
25,67,6.34,102,Barley
27,67,6.56,178,Jute
31,53,6.97,138,Barley
22,83,7.21,174,Rice
21,65,7.15,94,Tomato
28,75,6.92,163,Tomato
30,50,6.18,98,Jute
33,56,6.45,149,Oats
22,52,7.35,134,Coffee
20,64,6.74,249,Jute
22,84,7.21,202,Garlic
34,85,5.84,224,Tomato
34,68,5.6,105,Maize
28,70,7.22,178,Maize
30,59,5.89,185,Potato
23,56,7.0,197,Chili
28,78,6.63,91,Chili
23,79,7.12,175,Rice
30,87,7.15,124,Tea
31,69,7.46,184,Coffee
34,80,6.43,60,Tomato
30,87,6.28,195,Groundnut
21,53,6.93,148,Jute
28,83,6.1,155,Potato
26,59,6.88,104,Coffee
31,74,5.54,106,Groundnut
27,73,6.5,56,Sugarcane
28,70,7.32,72,Potato
27,76,6.74,222,Maize
24,84,7.29,109,Sugarcane
25,72,7.24,76,Oats
21,79,7.12,248,Barley
25,79,5.71,179,Jute
34,52,6.65,218,Pulses
24,57,6.47,73,Tomato
24,78,5.69,206,Potato
27,65,6.78,100,Tomato
33,76,6.34,175,Garlic
34,64,6.73,236,Tomato
23,85,6.24,63,Jute
21,82,7.35,111,Potato
27,60,5.64,120,Cotton
24,50,6.38,86,Tomato
31,76,5.85,140,Oats
25,72,7.22,205,Soybean
31,79,7.14,206,Mustard
20,61,5.67,244,Coffee
23,52,7.28,153,Oats
34,53,6.75,101,Rice
24,84,5.67,74,Sugarcane
23,55,7.43,62,Oats
23,71,5.58,61,Onion
33,65,7.42,162,Wheat
29,69,6.44,286,Tea
30,84,7.42,106,Tobacco
33,87,7.28,236,Pulses
29,50,6.31,125,Mustard
30,53,6.54,283,Maize
21,83,7.45,192,Chili
30,57,6.18,276,Groundnut
27,53,6.54,202,Groundnut
32,57,5.83,136,Soybean
30,75,6.16,239,Onion
31,64,7.0,159,Potato
34,54,7.45,191,Wheat
24,86,6.13,219,Coffee
23,62,5.96,169,Groundnut
24,79,6.82,76,Groundnut
21,52,6.45,135,Potato
23,76,7.4,261,Garlic
27,83,6.92,288,Maize
20,58,5.65,101,Wheat
26,85,6.62,205,Rice
30,79,6.34,85,Jute
30,78,6.41,172,Tobacco
26,56,7.37,185,Potato
30,72,7.02,79,Tomato
28,71,6.64,62,Groundnut
21,63,5.62,245,Wheat
24,74,6.73,266,Maize
34,88,7.37,119,Cotton
20,71,7.33,84,Barley
23,54,6.84,61,Maize
22,50,7.34,241,Rice
21,56,7.2,280,Tomato
24,70,5.57,98,Mustard
28,68,6.14,100,Cotton
29,64,7.15,170,Onion
28,50,6.92,174,Chili
27,73,6.96,80,Wheat
30,82,5.72,60,Pulses
33,68,5.82,151,Coffee
26,65,5.53,133,Cotton
31,67,6.01,243,Groundnut
23,71,6.35,138,Groundnut
32,76,6.19,111,Coffee
21,57,6.06,78,Jute
30,74,7.3,67,Potato
25,59,7.02,263,Jute
27,58,6.67,165,Sugarcane
33,51,5.52,117,Chili
20,88,7.37,218,Mustard
34,78,6.83,242,Barley
24,79,7.39,283,Potato
24,74,7.15,233,Sugarcane
33,54,6.24,137,Maize
27,86,7.19,129,Maize
21,78,6.18,118,Rice
27,68,6.3,154,Groundnut
32,72,6.17,105,Oats
24,81,6.6,84,Maize
32,59,6.75,113,Barley
21,73,5.85,146,Jute
30,60,6.46,99,Jute
29,56,6.04,276,Tomato
27,84,5.98,226,Potato
26,78,7.48,79,Potato
32,88,6.01,116,Potato
25,83,6.18,61,Cotton
31,89,5.63,136,Tea
24,58,5.69,183,Cotton
21,57,7.11,284,Maize
22,81,6.62,227,Jute
20,69,6.79,234,Chili
22,53,7.02,230,Groundnut
28,53,5.76,261,Garlic
31,76,7.37,52,Mustard
29,67,7.25,172,Oats
30,80,5.99,83,Coffee
25,71,5.58,69,Sugarcane
23,52,6.28,159,Coffee
23,63,7.01,103,Potato
29,53,5.58,66,Pulses
33,76,5.53,102,Sugarcane
28,67,6.01,94,Jute
29,83,5.81,273,Groundnut
28,56,5.93,85,Cotton
27,66,5.81,214,Chili
32,80,7.16,152,Tea
26,75,6.84,159,Mustard
28,52,7.38,239,Coffee
24,71,6.62,260,Onion
34,56,5.97,50,Chili
34,78,7.36,120,Onion
26,65,7.05,85,Maize
32,69,6.61,113,Tobacco
28,78,7.31,79,Onion
33,62,6.88,93,Rice
26,89,6.73,283,Jute
34,75,5.64,110,Tea
26,85,7.22,283,Garlic
34,65,7.45,216,Barley
26,63,7.47,148,Tomato
33,57,7.36,163,Mustard
24,76,6.4,56,Rice
31,62,7.41,241,Tobacco
29,89,7.23,97,Sugarcane
26,77,6.88,195,Soybean
21,88,6.27,82,Rice
27,58,5.55,96,Soybean
34,52,7.37,244,Barley
23,84,7.02,55,Tea
27,63,7.47,291,Tea
27,83,7.19,55,Maize
28,65,6.18,104,Tea
29,54,5.94,62,Pulses
24,77,6.25,117,Potato
26,55,7.48,57,Coffee
32,69,5.51,249,Tobacco
22,51,7.39,110,Barley
28,60,5.77,154,Cotton
27,62,6.72,200,Tobacco
34,56,6.84,263,Soybean
26,76,6.9,219,Wheat
29,54,7.18,183,Soybean
28,51,5.81,199,Rice
30,56,6.13,190,Tobacco
26,67,6.71,65,Coffee
26,86,7.29,120,Chili
28,74,6.18,111,Sugarcane
34,63,6.15,292,Cotton
23,64,7.18,152,Coffee
33,79,5.76,88,Soybean
20,70,6.96,128,Maize
26,63,7.11,135,Oats
23,72,6.96,121,Wheat
22,79,5.76,157,Sugarcane
34,76,5.73,187,Oats
26,72,5.99,131,Sugarcane
33,69,6.52,232,Maize
31,75,7.4,277,Potato
22,84,6.83,220,Wheat
24,69,5.92,267,Tomato
32,87,6.25,75,Potato
28,89,7.12,234,Potato
33,56,6.47,244,Soybean
22,60,6.29,174,Tea
34,59,5.55,204,Oats
27,58,7.43,137,Mustard
33,73,6.36,274,Garlic
24,87,5.82,89,Garlic
25,80,6.99,181,Maize
33,55,6.82,296,Sugarcane
27,83,6.36,239,Coffee
27,87,6.96,296,Garlic
20,61,7.01,107,Tobacco
27,76,5.62,249,Barley
20,75,6.52,274,Coffee
23,65,5.58,137,Rice
30,85,6.17,132,Cotton
27,87,6.55,236,Mustard
23,88,7.06,240,Tomato
22,54,6.02,62,Barley
24,87,5.54,295,Potato
22,83,5.94,111,Groundnut
32,50,6.59,222,Onion
25,53,6.19,60,Garlic
22,67,5.79,216,Tobacco
27,66,7.26,112,Cotton
23,57,7.34,204,Sugarcane
25,66,5.54,292,Sugarcane
32,86,6.18,136,Cotton
21,59,7.38,95,Jute
27,67,7.0,121,Jute
33,54,6.36,87,Barley
21,77,7.27,67,Garlic
29,77,6.65,192,Cotton
31,80,6.59,100,Tomato
32,78,6.94,172,Tomato
21,72,5.71,99,Soybean
29,86,6.6,219,Onion
30,60,6.17,183,Pulses
31,82,6.7,207,Mustard
34,58,5.73,270,Coffee
28,78,6.21,261,Mustard
29,79,6.12,104,Mustard
31,58,6.59,176,Jute
29,68,6.59,104,Tobacco
28,88,6.1,129,Chili
21,68,7.19,178,Tobacco
32,89,6.62,185,Groundnut
21,86,7.07,256,Barley
27,87,5.63,141,Oats
28,73,7.33,151,Tea
31,70,6.1,238,Pulses
32,51,6.54,233,Pulses
32,75,7.3,160,Oats
23,77,5.86,281,Groundnut
23,85,5.93,113,Soybean
29,82,6.78,247,Sugarcane
31,70,6.05,225,Onion
20,89,5.64,119,Jute
24,67,6.46,72,Cotton
30,87,6.86,206,Groundnut
25,52,6.49,140,Barley
20,58,5.62,172,Coffee
20,68,6.36,100,Cotton
31,85,7.42,59,Onion
29,64,6.32,89,Wheat
28,72,6.49,163,Tobacco
34,51,6.94,255,Maize
23,62,6.09,272,Tomato
32,69,7.09,135,Coffee
23,77,6.42,249,Maize
30,56,6.45,228,Garlic
25,71,6.47,63,Coffee
33,69,5.73,74,Chili
31,78,5.58,262,Wheat
21,77,7.01,143,Tobacco
23,78,7.32,88,Onion
28,74,7.39,202,Garlic
26,70,5.7,149,Onion
24,58,6.22,184,Barley
30,74,6.51,100,Maize
27,72,6.83,62,Barley
30,85,6.88,124,Tomato
22,61,7.36,84,Coffee
22,67,5.58,227,Cotton
26,53,6.18,122,Cotton
27,71,6.95,215,Potato
22,61,6.52,68,Pulses
27,67,7.09,148,Sugarcane
25,52,5.68,185,Rice
21,70,6.73,180,Tomato
21,62,6.19,281,Potato
24,52,5.96,121,Coffee
21,62,5.82,179,Tobacco
24,85,6.34,275,Onion
24,63,6.68,280,Tomato
27,84,6.09,288,Jute
22,87,7.45,211,Barley
22,68,7.35,211,Barley
34,56,6.76,67,Maize
34,89,7.43,50,Potato
33,50,5.87,210,Oats
27,85,6.74,136,Pulses
30,72,6.85,272,Maize
26,60,7.15,251,Tobacco
25,86,6.55,190,Potato
29,60,6.57,242,Garlic
34,88,6.05,115,Tobacco
23,68,6.43,81,Barley
29,87,6.44,199,Wheat
23,56,6.22,207,Onion
31,63,6.72,143,Tomato
30,66,6.23,91,Tomato
34,64,7.19,184,Oats
33,89,5.8,199,Jute
25,51,6.25,106,Maize
23,67,7.43,69,Garlic
33,72,6.17,57,Garlic
31,88,6.29,71,Tomato
33,53,6.81,218,Tobacco
24,71,5.5,104,Wheat
31,71,7.25,226,Cotton
23,54,7.1,273,Soybean
34,72,6.64,239,Pulses
29,75,7.22,196,Cotton
33,80,6.66,79,Rice
34,53,7.4,297,Soybean
22,74,6.61,235,Jute
29,75,7.37,140,Onion
23,65,5.98,144,Chili
29,83,7.16,179,Coffee
32,67,5.86,73,Soybean
20,55,5.67,58,Soybean
21,53,6.87,291,Maize
23,53,5.67,100,Wheat
30,60,7.45,98,Tomato
29,59,7.1,280,Barley
25,59,7.26,137,Potato
33,89,5.75,243,Barley
34,53,7.31,131,Jute
24,80,5.57,132,Rice
21,62,6.56,191,Cotton
29,69,7.31,52,Mustard
29,79,6.22,98,Groundnut
23,72,6.87,298,Tomato
31,53,7.41,256,Cotton
27,80,6.98,161,Jute
31,64,5.83,110,Tomato
32,59,6.65,240,Wheat
24,83,5.95,159,Pulses
32,66,5.53,106,Oats
21,64,7.35,205,Maize
34,76,7.19,279,Barley
26,77,5.8,117,Coffee
26,71,6.67,89,Chili
32,88,7.17,141,Groundnut
25,73,5.98,223,Soybean
26,75,5.94,160,Potato
34,68,5.83,276,Oats
22,89,6.83,120,Garlic
29,65,6.01,83,Chili
24,50,7.48,124,Soybean
33,85,7.45,189,Pulses
26,89,7.44,109,Wheat
34,83,5.82,281,Soybean
27,68,7.1,91,Mustard
22,86,7.22,207,Coffee
28,77,6.09,270,Barley
23,61,6.57,55,Barley
29,57,6.38,245,Onion
25,87,7.02,108,Wheat
27,60,7.06,249,Onion
33,66,6.79,287,Garlic
33,54,6.04,263,Garlic
31,58,7.37,132,Coffee
20,60,6.47,217,Maize
20,55,5.94,153,Sugarcane
30,69,6.24,205,Cotton
26,63,5.95,176,Wheat
21,84,6.46,126,Rice
23,52,5.64,54,Wheat
23,81,7.08,260,Tomato
31,81,6.25,142,Barley
34,68,6.3,287,Chili
33,72,6.56,261,Oats
23,88,6.06,254,Pulses
33,59,6.3,269,Onion
20,50,6.49,80,Garlic
24,63,6.14,258,Tobacco
34,65,7.43,103,Sugarcane
30,86,6.65,298,Wheat
20,63,6.63,214,Barley
23,62,7.01,113,Coffee
33,71,7.18,295,Chili
25,77,6.42,64,Rice
32,70,6.55,208,Chili
21,71,6.87,268,Wheat
20,71,7.4,62,Groundnut
21,60,6.43,122,Chili
26,66,5.62,138,Cotton
23,73,6.56,159,Potato
31,88,7.41,115,Potato
21,56,6.85,120,Pulses
20,63,5.54,229,Mustard
27,64,5.71,250,Maize
27,84,5.88,198,Tea
33,61,5.96,115,Garlic
33,65,6.25,189,Garlic
26,62,7.36,237,Groundnut
31,71,6.59,107,Mustard
24,65,6.42,240,Rice
27,71,6.1,131,Sugarcane
23,77,6.33,266,Onion
26,68,7.28,196,Groundnut
21,76,6.83,116,Onion
33,79,5.9,169,Jute
30,82,6.51,291,Oats
27,54,6.96,247,Tomato
32,50,6.99,252,Pulses
26,71,5.95,241,Tomato
30,63,6.49,240,Barley
30,87,5.9,288,Maize
34,54,6.13,102,Garlic
21,50,5.75,161,Tomato
25,80,7.23,298,Rice
23,86,7.15,279,Onion
32,69,5.78,299,Jute
31,62,5.99,53,Tobacco
31,84,6.2,238,Garlic
24,88,7.35,103,Maize
29,53,6.8,203,Coffee
34,61,6.73,227,Oats
24,59,6.15,138,Coffee
32,68,6.75,62,Garlic
31,59,7.25,61,Tobacco
27,50,6.72,96,Chili
34,72,7.15,110,Mustard
23,51,5.96,166,Barley
34,64,7.06,92,Sugarcane
21,89,6.99,155,Garlic
34,85,6.6,131,Chili
23,87,7.01,159,Pulses
32,82,6.57,244,Oats
21,74,7.4,103,Groundnut
22,77,6.74,70,Tea
22,83,6.63,281,Jute
26,56,6.1,246,Sugarcane
20,72,5.97,239,Maize
20,78,6.38,169,Wheat
26,81,5.98,280,Chili
33,59,7.47,250,Cotton
27,80,6.99,50,Sugarcane
25,84,6.07,226,Cotton
21,78,7.27,260,Tomato
25,56,5.57,249,Pulses
22,83,6.14,144,Pulses
23,50,5.84,244,Maize
33,55,6.03,142,Onion
29,56,5.55,68,Potato
33,88,5.79,281,Tobacco
33,73,7.5,90,Sugarcane
29,50,6.68,140,Cotton
33,87,7.24,265,Garlic
33,67,7.07,201,Coffee
34,71,7.34,182,Mustard
33,86,7.37,149,Sugarcane
21,88,6.9,234,Mustard
25,77,6.92,283,Tomato
26,50,7.3,88,Sugarcane
32,87,6.99,232,Wheat
24,60,7.05,248,Pulses
24,68,6.04,93,Mustard
31,62,6.36,146,Tobacco
26,75,7.16,240,Potato
26,79,5.7,165,Pulses
34,63,5.75,52,Soybean
26,66,6.06,196,Onion
32,73,6.45,173,Jute
29,88,6.24,123,Cotton
31,62,6.9,183,Rice
23,79,6.01,255,Oats
23,64,7.49,164,Jute
26,59,6.13,229,Coffee
31,59,5.95,297,Jute
26,56,6.44,93,Tea
21,74,5.79,298,Sugarcane
33,52,5.57,223,Jute
27,80,6.09,203,Groundnut
27,56,6.64,106,Onion
29,50,6.18,197,Chili
26,64,6.2,187,Coffee
27,50,5.52,215,Soybean
30,66,6.85,131,Oats
23,68,7.27,121,Garlic
33,54,6.45,229,Chili
28,68,6.48,254,Mustard
33,84,6.46,179,Oats
31,61,6.32,156,Chili
27,76,6.6,126,Jute
29,62,7.26,259,Mustard
24,54,7.45,297,Tomato
27,79,6.66,243,Mustard
31,56,7.44,91,Tea
29,58,6.4,137,Groundnut
20,89,5.64,288,Potato
27,73,5.93,194,Onion
23,78,6.28,113,Onion
29,82,6.04,270,Jute
31,79,6.7,192,Cotton
22,73,6.61,254,Groundnut
32,78,6.29,235,Cotton
22,88,6.52,143,Barley
33,60,6.89,250,Sugarcane
21,86,7.47,67,Onion
30,50,5.84,266,Barley
22,77,7.06,196,Chili
34,50,6.63,118,Jute
23,66,6.7,160,Garlic
26,64,5.71,156,Groundnut
30,56,6.5,53,Mustard
30,69,6.94,269,Onion
22,73,7.22,172,Barley
33,51,5.57,211,Mustard
32,52,6.73,232,Onion
27,88,5.75,206,Maize
33,88,5.51,119,Jute
31,83,7.17,199,Coffee
33,88,7.02,170,Soybean
28,62,6.87,139,Cotton
22,63,5.87,257,Tea
26,53,5.78,101,Potato
23,64,7.35,140,Cotton
22,61,6.63,158,Tobacco
27,56,5.99,183,Potato
26,52,6.84,275,Tobacco
33,82,7.34,94,Chili
34,81,7.27,98,Wheat
24,86,7.08,277,Cotton
34,76,6.5,291,Coffee
31,86,5.59,191,Tea
24,62,6.01,216,Barley
23,67,6.39,139,Onion
28,70,5.99,104,Garlic
27,81,6.24,205,Pulses
29,53,5.59,135,Jute
23,57,6.94,287,Tea
27,87,5.98,170,Coffee
34,76,6.08,185,Wheat
20,62,5.72,129,Soybean
30,54,6.16,139,Garlic
22,74,5.85,202,Rice
26,75,6.51,59,Wheat
25,71,7.27,257,Rice
22,50,5.93,234,Chili
28,78,6.74,150,Jute
27,64,7.11,162,Chili
25,59,5.63,90,Mustard
28,53,7.4,153,Sugarcane
21,65,5.78,256,Barley
23,58,6.86,287,Garlic
24,58,6.85,90,Potato
22,57,6.13,204,Barley
20,89,6.28,296,Coffee
30,82,5.51,89,Soybean
33,72,6.19,74,Maize
26,59,5.77,60,Mustard
21,79,6.56,110,Oats
23,82,7.18,277,Onion
34,67,6.75,189,Rice
33,67,7.16,196,Tomato
24,66,5.57,275,Barley
31,80,6.85,124,Chili
32,55,7.23,163,Chili
32,73,6.17,150,Barley
31,80,6.56,199,Coffee
24,50,5.65,231,Soybean
30,66,5.74,148,Pulses
25,58,6.5,239,Jute
21,87,7.07,116,Barley
28,61,7.19,283,Garlic
29,59,6.02,99,Cotton
27,71,6.96,194,Onion
26,84,6.1,298,Sugarcane
31,56,6.82,202,Potato
20,72,6.83,98,Barley
25,83,6.6,63,Potato
29,73,6.68,59,Garlic
21,69,7.34,113,Onion
20,57,6.95,85,Tea
31,64,5.87,240,Maize
33,72,5.79,293,Cotton
25,76,5.89,85,Sugarcane
32,80,7.19,187,Chili
20,67,7.5,177,Tea
26,52,7.08,172,Jute
29,73,6.64,240,Wheat
21,50,6.4,195,Potato
22,85,7.34,274,Coffee
34,64,6.47,187,Rice
23,68,5.77,85,Chili
33,72,6.31,227,Tomato
34,63,5.54,63,Garlic
22,77,6.18,82,Garlic
27,52,6.42,135,Jute
34,64,5.81,54,Tomato
24,57,7.28,295,Wheat
33,64,6.65,263,Chili
31,71,7.06,241,Cotton
22,85,7.45,164,Garlic
31,63,6.77,134,Garlic
26,83,7.2,250,Mustard
24,65,6.19,64,Coffee
29,80,5.84,82,Jute
34,68,5.96,163,Sugarcane
23,60,6.54,197,Rice
34,58,7.15,274,Soybean
33,85,5.63,86,Onion
29,53,6.26,164,Maize
20,77,6.84,180,Onion
33,81,6.6,177,Pulses
28,64,6.42,185,Soybean
23,63,6.26,282,Cotton
32,60,6.44,241,Soybean
21,77,7.42,83,Jute
29,61,7.23,243,Jute
22,89,7.33,220,Potato
29,54,6.8,208,Pulses
24,66,5.99,140,Cotton
30,82,6.26,233,Groundnut
27,61,6.25,182,Tobacco
34,54,7.09,83,Garlic
27,86,7.16,78,Tea
20,85,6.59,181,Maize
29,86,7.24,180,Onion
24,75,7.05,121,Coffee
24,68,6.63,222,Onion
33,78,5.62,254,Tomato
31,76,6.08,263,Garlic
20,53,5.94,221,Mustard
20,80,5.94,153,Rice
29,66,6.6,152,Groundnut
22,78,7.43,84,Soybean
23,50,6.87,148,Onion
29,84,5.67,186,Barley
20,68,7.2,221,Mustard
27,51,6.05,184,Barley
32,72,5.75,59,Groundnut
20,59,6.44,146,Oats
29,80,6.76,268,Tobacco
29,50,7.06,62,Potato
20,51,6.42,213,Coffee
25,71,6.83,160,Jute
23,58,5.93,255,Tomato
20,65,6.31,78,Pulses
28,60,6.25,165,Garlic
34,79,6.08,162,Oats
25,78,6.91,287,Mustard
32,81,6.46,271,Tobacco
30,69,5.86,79,Onion
31,63,7.3,267,Garlic
32,61,5.87,110,Rice
25,79,5.65,205,Coffee
31,70,6.87,78,Garlic
24,62,5.89,130,Chili
31,73,6.95,106,Pulses
20,61,6.08,121,Soybean
20,77,7.46,223,Jute
25,62,5.89,263,Chili
34,77,7.07,138,Soybean
33,85,5.52,122,Garlic
34,78,6.47,129,Mustard
34,55,6.24,222,Coffee
24,60,7.06,200,Wheat
27,65,5.71,252,Mustard
31,60,7.39,160,Barley
34,70,6.27,156,Chili
23,85,7.32,235,Mustard
34,56,7.46,267,Coffee
22,83,5.84,143,Cotton
23,60,5.69,152,Mustard
27,57,6.32,259,Tomato
25,63,6.39,209,Cotton
20,81,5.52,253,Jute
22,83,7.31,74,Coffee
24,77,6.19,61,Maize
28,56,6.81,178,Potato
21,53,6.38,87,Chili
34,58,7.07,249,Pulses
25,54,5.87,227,Chili
20,56,7.11,139,Tobacco
23,79,5.84,78,Mustard
23,61,5.55,157,Mustard
32,85,7.18,128,Groundnut
20,61,6.71,213,Potato
32,84,6.63,228,Mustard
20,85,5.79,111,Cotton
25,52,7.41,137,Tobacco
20,69,5.89,237,Potato
28,63,6.15,62,Jute
23,66,6.7,136,Coffee
29,59,6.45,239,Barley
20,89,6.74,257,Oats
20,87,7.43,221,Soybean
21,62,7.03,135,Barley
29,75,6.05,286,Pulses
26,62,7.08,87,Tomato
28,67,7.32,217,Rice
24,74,7.2,109,Tobacco
24,80,6.36,190,Oats
32,64,5.89,116,Potato
25,88,5.61,273,Jute
20,52,6.1,66,Onion
26,54,7.13,190,Oats
32,69,6.21,105,Onion
29,54,5.98,55,Garlic
24,61,7.24,126,Cotton
27,83,6.08,219,Onion
28,60,7.26,285,Pulses
27,77,6.18,108,Oats
25,53,7.07,117,Sugarcane
21,65,7.12,290,Tea
34,89,5.79,77,Coffee
30,50,5.59,209,Sugarcane
31,89,5.63,65,Coffee
23,70,6.06,137,Tobacco
34,75,5.51,253,Tea
26,61,6.58,118,Coffee
20,58,5.95,180,Pulses
34,54,5.52,287,Garlic
26,58,5.9,260,Groundnut
28,89,5.92,284,Garlic
20,76,6.62,182,Onion
21,69,5.92,157,Potato
31,58,5.87,226,Oats
26,75,5.86,229,Coffee
34,88,7.3,172,Soybean
27,77,7.01,216,Oats
34,57,6.5,193,Barley
28,61,5.86,273,Garlic
34,55,7.32,136,Onion
21,81,7.28,90,Pulses
31,74,6.95,214,Maize
25,88,6.63,149,Rice
30,64,6.9,100,Maize
28,58,5.83,121,Mustard
22,86,6.76,120,Groundnut
28,74,7.13,93,Soybean
20,80,5.8,194,Tomato
27,78,7.26,65,Rice
30,52,5.9,297,Pulses
27,62,5.62,268,Rice
21,52,6.38,105,Tea
27,60,6.71,138,Potato
21,76,6.18,118,Tomato
25,69,7.44,238,Rice
26,54,5.59,259,Sugarcane
34,86,6.04,186,Cotton
28,74,6.63,206,Tea
29,51,6.36,82,Coffee
22,56,7.07,261,Soybean
30,51,5.87,181,Pulses
27,82,5.72,212,Soybean
22,76,6.75,160,Jute
24,87,6.18,169,Barley
22,71,6.82,176,Maize
20,58,6.89,134,Tobacco
21,51,7.18,247,Mustard
26,85,7.11,277,Groundnut
26,73,6.26,75,Onion
21,79,5.65,274,Potato
24,58,6.88,61,Maize
32,68,7.09,232,Tobacco
29,81,6.44,213,Soybean
23,79,6.04,90,Barley
26,62,6.86,138,Potato
26,69,5.71,252,Wheat
29,73,5.51,100,Oats
21,89,7.48,239,Mustard
30,52,6.33,141,Cotton
30,83,7.35,193,Pulses
29,74,5.72,80,Mustard
31,73,6.83,235,Sugarcane
21,89,6.69,220,Potato
25,56,7.34,228,Chili
28,77,7.41,273,Potato
32,85,6.17,133,Potato
33,60,6.46,296,Barley
34,62,5.62,74,Onion
31,68,5.98,248,Sugarcane
24,60,7.22,62,Tobacco
27,58,5.84,275,Cotton
31,63,6.74,145,Wheat
29,54,6.28,109,Jute
30,52,6.83,295,Tea
25,88,5.76,286,Maize
32,88,7.03,192,Jute
20,62,6.47,87,Garlic
34,89,6.61,107,Cotton
32,85,6.92,54,Soybean
33,86,6.18,105,Oats
22,67,5.53,158,Chili
20,77,6.11,77,Jute
21,51,7.02,194,Wheat
29,59,5.88,89,Potato
34,70,6.73,89,Rice
30,62,7.23,285,Tobacco
24,72,7.33,278,Barley
27,69,6.6,155,Soybean
20,88,7.11,159,Barley
34,89,6.7,153,Oats
31,80,6.17,196,Onion
27,69,7.28,89,Jute
22,62,5.69,120,Potato
34,76,6.7,124,Garlic
20,88,5.92,95,Tobacco
20,84,6.36,59,Tobacco
32,71,7.15,205,Oats
30,50,5.67,167,Soybean
23,62,7.15,192,Soybean
21,80,6.51,65,Groundnut
31,64,5.94,142,Tobacco
26,58,6.38,185,Rice
34,74,5.66,100,Pulses
27,50,7.13,126,Pulses
28,88,6.06,144,Chili
27,73,6.3,71,Wheat
20,66,5.77,143,Oats
32,64,6.71,73,Coffee
22,63,6.32,233,Jute
25,87,7.1,143,Chili
23,59,7.05,67,Maize
24,60,6.5,231,Pulses
29,79,6.52,100,Soybean
31,57,6.05,214,Chili
33,88,7.35,175,Oats
28,83,6.95,274,Oats
21,81,6.26,142,Barley
32,85,6.66,160,Cotton
25,83,5.8,216,Tobacco
21,88,5.82,126,Chili
24,70,7.09,232,Rice
31,62,7.26,110,Maize
27,78,6.61,213,Maize
25,89,7.19,294,Soybean
31,59,6.71,283,Mustard
28,62,5.72,166,Rice
34,51,7.34,166,Oats
32,51,5.87,177,Jute
22,87,5.95,137,Jute
34,79,6.11,84,Garlic
21,65,6.76,117,Cotton
20,77,5.65,211,Tomato
27,72,6.11,160,Pulses
32,62,7.19,108,Soybean
22,86,5.5,180,Jute
23,83,6.46,259,Sugarcane
34,54,6.79,129,Onion
32,80,6.69,68,Tobacco
34,50,7.43,151,Coffee
33,89,7.39,139,Mustard
30,75,5.54,79,Garlic
27,56,6.87,133,Mustard
31,56,6.99,88,Maize
24,65,5.89,83,Tobacco
31,59,7.06,204,Potato
34,87,7.27,246,Oats
29,57,5.54,65,Onion
28,64,6.37,270,Rice
26,71,7.31,135,Maize
20,66,7.05,178,Maize
28,73,6.95,114,Rice
30,67,5.69,128,Tomato
28,62,6.53,149,Chili
27,58,7.09,293,Coffee
28,70,6.46,171,Potato
28,67,6.85,193,Wheat
34,85,5.72,79,Mustard
32,60,7.27,150,Wheat
33,71,5.6,108,Rice
21,57,7.45,54,Tobacco
24,79,6.08,120,Coffee
22,73,5.94,193,Sugarcane
28,84,7.4,219,Barley
31,54,6.12,254,Chili
25,87,7.21,79,Maize
34,87,6.97,240,Tomato
27,86,6.38,240,Pulses
31,51,7.29,125,Garlic
31,82,6.5,113,Jute
24,74,6.37,260,Cotton
25,65,6.57,208,Potato
22,60,7.0,256,Tobacco
31,87,7.35,259,Tobacco
29,76,5.59,257,Potato
31,52,6.26,70,Potato
30,62,5.72,155,Mustard
34,63,6.06,254,Onion
29,51,7.44,236,Groundnut
23,69,5.61,152,Rice
23,78,5.55,209,Soybean
20,61,6.08,151,Oats
31,88,5.72,75,Coffee
26,52,5.82,182,Mustard
25,62,6.96,66,Tea
34,75,7.22,132,Potato
20,56,5.79,248,Potato
31,87,6.13,71,Tea
33,51,6.22,121,Jute
23,64,5.95,160,Garlic
28,57,6.68,54,Tomato
34,88,6.49,239,Oats
34,82,7.28,145,Pulses
29,57,5.66,147,Jute
26,51,6.13,173,Potato
34,66,5.96,186,Pulses
28,60,6.93,99,Wheat
34,71,7.18,178,Pulses
21,80,6.43,150,Coffee
33,64,5.72,71,Maize
23,51,5.69,278,Oats
34,72,7.47,89,Tea
25,51,7.01,249,Potato
23,55,6.74,107,Coffee
29,65,6.92,265,Rice
20,89,6.02,100,Pulses
28,67,7.2,240,Soybean
27,85,6.41,228,Potato
30,74,5.63,169,Jute
34,84,7.19,233,Tobacco
24,63,6.21,273,Mustard
21,72,7.35,186,Maize
33,76,7.43,186,Garlic
34,75,6.63,126,Oats
31,67,7.27,275,Oats
32,67,6.61,294,Soybean
27,75,6.51,86,Tea
21,65,6.77,142,Maize
27,58,6.41,90,Wheat
32,83,6.02,85,Chili
31,87,5.71,197,Coffee
27,73,7.47,164,Oats
20,84,6.68,129,Tomato
20,52,6.28,240,Potato
26,58,6.31,267,Maize
29,74,5.97,193,Garlic
27,65,6.61,260,Rice
24,80,6.24,279,Potato
27,53,6.27,148,Cotton
32,63,7.13,230,Mustard
27,84,6.01,277,Tea
26,59,5.74,77,Jute
33,80,6.7,281,Potato
27,50,5.78,283,Barley
34,61,6.01,168,Garlic
26,77,6.94,130,Garlic
21,77,7.45,74,Potato
24,60,6.0,246,Potato
33,51,5.84,52,Mustard
27,51,6.71,139,Coffee
29,70,6.82,113,Potato
25,78,6.24,219,Oats
32,83,7.4,282,Potato
27,67,5.96,95,Tobacco
26,72,6.74,219,Tobacco
27,64,6.8,254,Cotton
25,78,6.0,75,Jute
34,63,6.33,252,Mustard
25,80,7.33,224,Jute
28,61,5.81,87,Tobacco
20,88,7.4,278,Jute
29,70,5.58,157,Groundnut
28,58,5.92,174,Chili
24,59,5.83,134,Wheat
29,71,6.11,191,Barley
22,66,6.36,224,Potato
32,77,6.52,94,Groundnut
23,79,6.03,93,Rice
31,60,7.5,285,Tea
31,62,6.06,232,Rice
24,82,6.71,269,Oats
30,56,5.5,104,Oats
24,56,5.62,248,Rice
32,87,6.07,93,Coffee
33,62,6.72,286,Potato
24,82,6.7,198,Coffee
29,60,6.65,201,Wheat
31,50,6.23,203,Tea
22,65,5.51,255,Tea
28,85,6.28,74,Wheat
21,85,7.46,187,Maize
31,87,6.62,291,Onion
29,62,6.28,255,Mustard
31,54,6.11,286,Maize
33,66,5.83,263,Jute
29,74,7.16,91,Onion
26,53,6.48,245,Garlic
27,83,7.12,272,Coffee
22,71,5.81,178,Pulses
29,60,6.47,215,Tobacco
28,58,5.65,144,Barley
28,51,6.61,188,Tea
28,77,7.42,101,Onion
31,58,6.14,246,Jute
26,71,6.28,276,Oats
29,57,5.84,186,Pulses
20,58,7.27,114,Mustard
31,73,6.71,282,Groundnut
33,62,7.44,245,Tobacco
26,60,6.88,151,Rice
29,53,6.09,71,Sugarcane
33,52,5.54,143,Cotton
30,67,5.96,51,Pulses
31,57,6.6,174,Tea
22,67,5.62,172,Soybean
29,50,7.15,277,Tea
24,89,6.81,222,Pulses
30,81,5.95,157,Maize
24,61,7.11,199,Oats
23,69,5.59,70,Groundnut
26,87,5.82,185,Chili
22,59,6.1,208,Tomato
30,86,5.84,290,Rice
21,83,7.03,268,Rice
25,73,6.74,184,Chili
25,61,7.44,80,Barley
29,58,5.63,279,Groundnut
28,70,7.16,57,Wheat
23,50,7.03,184,Coffee
34,87,5.52,157,Groundnut
22,58,6.91,132,Tomato
26,57,6.92,102,Wheat
24,66,5.96,263,Onion
